Workbook

Sheet FoodDash_Data
A1: Order_ID | B1: Order_Date | C1: City | D1: Restaurant | E1: Customer_Age | F1: Customer_Gender | G1: Order_Amount | H1: Delivery_Time_Minutes | I1: Delivery_Status | J1: Customer_Rating | K1: Payment_Method | L1: Order_Type | M1: Image_URL
A2: FD00001 | B2: 45515 | C2: Hyderabad | D2: Spice Villa | E2: 19 | F2: Female | G2: 267.31 | H2: 55 | I2: Late | J2: 3.6 | K2: Cash | L2: Non-Veg | M2: =VLOOKUP(D6,Restaurant_Master!A:B,2,FALSE) -> https://media-cdn.tripadvisor.com/media/photo-s/1c/c7/97/b6/photo6jpg.jpg
A3: FD00002 | B3: 45423 | C3: Delhi | D3: Burger Town | E3: 33 | F3: Female | G3: 717.21 | H3: 31 | I3: On-Time | J3: 4.5 | K3: Cash | L3: Veg | M3: =VLOOKUP(D7,Restaurant_Master!A:B,2,FALSE) -> https://content.jdmagicbox.com/comp/deoria/g6/9999p5568.5568.200119143033.m4g6/catalogue/biryani-house-deoria-ho-deoria-mktc2xph0o.jpg
A4: FD00003 | B4: 45606 | C4: Hyderabad | D4: Pizza Hub | E4: 37 | F4: Female | G4: 307.26 | H4: 55 | I4: Late | J4: 2.9 | K4: Credit Card | L4: Veg | M4: =VLOOKUP(D8,Restaurant_Master!A:B,2,FALSE) -> https://media-cdn.tripadvisor.com/media/photo-s/1c/c7/97/b6/photo6jpg.jpg
A5: FD00004 | B5: 45617 | C5: Hyderabad | D5: Burger Town | E5: 45 | F5: Male | G5: 369.95 | H5: 35 | I5: On-Time | J5: 2.5 | K5: Debit Card | L5: Non-Veg | M5: =VLOOKUP(D9,Restaurant_Master!A:B,2,FALSE) -> https://dineout-media-assets.swiggy.com/swiggy/image/upload/fl_lossy,f_auto,q_auto/v1660793737/fdqxvxcxg1wtdwvyv45v.jpg
A6: FD00005 | B6: 45459 | C6: Delhi | D6: Pizza Hub | E6: 39 | F6: Female | G6: 877.43 | H6: 46 | I6: Late | J6: 4.5 | K6: Credit Card | L6: Non-Veg | M6: =VLOOKUP(D10,Restaurant_Master!A:B,2,FALSE) -> https://www.chatswoodinterchange.com/storages/2018/08/Sushi-World_666x448.jpg
A7: FD00006 | B7: 45330 | C7: Hyderabad | D7: Biryani House | E7: 51 | F7: Female | G7: 225.24 | H7: 44 | I7: Late | J7: 3.6 | K7: Credit Card | L7: Non-Veg | M7: =VLOOKUP(D11,Restaurant_Master!A:B,2,FALSE) -> https://dynamic-media-cdn.tripadvisor.com/media/photo-o/1c/e7/04/0d/front-of-the-local-easily.jpg
A8: FD00007 | B8: 45359 | C8: Mumbai | D8: Pizza Hub | E8: 18 | F8: Female | G8: 858.21 | H8: 48 | I8: Late | J8: 3.1 | K8: Cash | L8: Veg | M8: =VLOOKUP(D12,Restaurant_Master!A:B,2,FALSE) -> https://www.chatswoodinterchange.com/storages/2018/08/Sushi-World_666x448.jpg
A9: FD00008 | B9: 45458 | C9: Bangalore | D9: Spice Villa | E9: 19 | F9: Female | G9: 266.13 | H9: 52 | I9: Late | J9: 4.2 | K9: Cash | L9: Veg | M9: =VLOOKUP(D13,Restaurant_Master!A:B,2,FALSE) -> https://dineout-media-assets.swiggy.com/swiggy/image/upload/fl_lossy,f_auto,q_auto/v1660793737/fdqxvxcxg1wtdwvyv45v.jpg
A10: FD00009 | B10: 45382 | C10: Bangalore | D10: Sushi World | E10: 21 | F10: Female | G10: 820.12 | H10: 20 | I10: On-Time | J10: 5 | K10: Credit Card | L10: Non-Veg | M10: =VLOOKUP(D14,Restaurant_Master!A:B,2,FALSE) -> https://content.jdmagicbox.com/comp/deoria/g6/9999p5568.5568.200119143033.m4g6/catalogue/biryani-house-deoria-ho-deoria-mktc2xph0o.jpg
A11: FD00010 | B11: 45588 | C11: Mumbai | D11: Burger Town | E11: 56 | F11: Female | G11: 1127.64 | H11: 23 | I11: On-Time | J11: 3.9 | K11: Debit Card | L11: Veg | M11: =VLOOKUP(D15,Restaurant_Master!A:B,2,FALSE) -> https://media-cdn.tripadvisor.com/media/photo-s/1c/c7/97/b6/photo6jpg.jpg
A12: FD00011 | B12: 45508 | C12: Delhi | D12: Sushi World | E12: 30 | F12: Male | G12: 734.67 | H12: 46 | I12: Late | J12: 3.4 | K12: UPI | L12: Veg | M12: =VLOOKUP(D16,Restaurant_Master!A:B,2,FALSE) -> https://media-cdn.tripadvisor.com/media/photo-s/1c/c7/97/b6/photo6jpg.jpg
A13: FD00012 | B13: 45608 | C13: Chennai | D13: Spice Villa | E13: 49 | F13: Male | G13: 319.07 | H13: 43 | I13: Late | J13: 3.3 | K13: Debit Card | L13: Non-Veg | M13: =VLOOKUP(D17,Restaurant_Master!A:B,2,FALSE) -> https://media-cdn.tripadvisor.com/media/photo-s/1c/c7/97/b6/photo6jpg.jpg
... A3997: FD03996 | B3997: 45410 | C3997: Mumbai | D3997: Biryani House | E3997: 31 | F3997: Female | G3997: 839.51 | H3997: 21 | I3997: On-Time | J3997: 4.6 | K3997: UPI | L3997: Veg | M3997: =VLOOKUP(D4001,Restaurant_Master!A:B,2,FALSE) -> https://dineout-media-assets.swiggy.com/swiggy/image/upload/fl_lossy,f_auto,q_auto/v1660793737/fdqxvxcxg1wtdwvyv45v.jpg
A3998: FD03997 | B3998: 45438 | C3998: Hyderabad | D3998: Sushi World | E3998: 46 | F3998: Female | G3998: 514.85 | H3998: 52 | I3998: Late | J3998: 4 | K3998: UPI | L3998: Non-Veg | M3998: https://www.chatswoodinterchange.com/storages/2018/08/Sushi-World_666x448.jpg
A3999: FD03998 | B3999: 45472 | C3999: Bangalore | D3999: Burger Town | E3999: 48 | F3999: Male | G3999: 178.97 | H3999: 58 | I3999: Late | J3999: 3.4 | K3999: UPI | L3999: Non-Veg | M3999: https://dynamic-media-cdn.tripadvisor.com/media/photo-o/1c/e7/04/0d/front-of-the-local-easily.jpg
A4000: FD03999 | B4000: 45401 | C4000: Bangalore | D4000: Sushi World | E4000: 40 | F4000: Female | G4000: 943.75 | H4000: 56 | I4000: Late | J4000: 4.3 | K4000: Cash | L4000: Non-Veg | M4000: https://www.chatswoodinterchange.com/storages/2018/08/Sushi-World_666x448.jpg
A4001: FD04000 | B4001: 45447 | C4001: Chennai | D4001: Spice Villa | E4001: 47 | F4001: Female | G4001: 892.56 | H4001: 48 | I4001: Late | J4001: 3 | K4001: UPI | L4001: Veg | M4001: https://dineout-media-assets.swiggy.com/swiggy/image/upload/fl_lossy,f_auto,q_auto/v1660793737/fdqxvxcxg1wtdwvyv45v.jpg

Sheet Restaurant_Master
A1: Restaurant | B1: Image_URL
A2: Spice Villa | B2: https://dineout-media-assets.swiggy.com/swiggy/image/upload/fl_lossy,f_auto,q_auto/v1660793737/fdqxvxcxg1wtdwvyv45v.jpg
A3: Burger Town | B3: https://dynamic-media-cdn.tripadvisor.com/media/photo-o/1c/e7/04/0d/front-of-the-local-easily.jpg
A4: Pizza Hub | B4: https://media-cdn.tripadvisor.com/media/photo-s/1c/c7/97/b6/photo6jpg.jpg
A5: Biryani House | B5: https://content.jdmagicbox.com/comp/deoria/g6/9999p5568.5568.200119143033.m4g6/catalogue/biryani-house-deoria-ho-deoria-mktc2xph0o.jpg
A6: Sushi World | B6: https://www.chatswoodinterchange.com/storages/2018/08/Sushi-World_666x448.jpg
